Item_Name;Category;Total
Legendre;Games;4015
Dumas;Computing;3728
Ruiz;UNKNOWN;3610
Mallet;Computing;3565
Bonnet;Furniture;3530
Moreau;Computing;3495
Marty;Cooking;3349
Charpentier;Cooking;3332
Boulay;UNKNOWN;3322
Gaudin;Tools;3319
Roche;Tools;3318
Allard;UNKNOWN;3299
Reynaud;UNKNOWN;3262
Lagarde;Furniture;3255
Pasquier;UNKNOWN;3240
Mahe;Cooking;3219
Brun;Computing;3134
Boyer;Computing;3127
Renault;Furniture;3117
Ollivier;Computing;3114
Pages;Tools;3094
Faure;Games;3066
Fernandes;Cooking;3057
Benoit;Furniture;3038
Jacquet;Games;3025
Laroche;Games;3005
Gay;Cooking;3000
Guibert;Furniture;2995
Besson;Games;2993
Philippe;Games;2977
Marechal;UNKNOWN;2968
Fabre;Furniture;2962
Nguyen;Furniture;2939
Barbier;Games;2933
Devaux;Furniture;2929
Laine;Games;2929
Guillon;Computing;2911
Rolland;Computing;2899
Guyon;Cooking;2896
Lambert;UNKNOWN;2884
Leclerc;UNKNOWN;2879
Lombard;Furniture;2878
Hoarau;Tools;2873
Ferrand;Furniture;2872
Perrot;Furniture;2869
Rodriguez;Tools;2861
Picard;Games;2861
Allard;Cooking;2852
Launay;Furniture;2839
Bigot;Tools;2839
Barbe;Tools;2824
Gilles;Cooking;2823
Remy;UNKNOWN;2817
Moulin;Tools;2816
Andre;UNKNOWN;2812
Fleury;Tools;2808
Brunet;Tools;2804
Martins;Furniture;2797
Vidal;Computing;2795
Fernandes;Furniture;2788
Fouquet;Tools;2783
Nicolas;Games;2775
Rousseau;UNKNOWN;2770
Allard;Furniture;2768
Joseph;Tools;2761
Schneider;Tools;2734
Da Costa;Cooking;2731
Charles;UNKNOWN;2725
Lecomte;UNKNOWN;2701
Antoine;Furniture;2698
Rey;Games;2688
Brunel;Furniture;2683
Royer;Furniture;2682
Paris;Cooking;2679
Guerin;Cooking;2670
Lopez;Furniture;2660
Mallet;Games;2657
Baudry;Furniture;2654
Roy;Games;2652
Humbert;Cooking;2631
Leleu;Tools;2629
Petit;Cooking;2619
Ribeiro;Computing;2610
Huet;Cooking;2607
Barbier;Tools;2606
Torres;Tools;2605
Gallet;Tools;2602
Louis;Cooking;2601
Devaux;Cooking;2601
Vallet;Computing;2592
Carre;Computing;2585
Marin;UNKNOWN;2584
Schmitt;Games;2581
Lefevre;Computing;2580
Guyot;Tools;2573
Ledoux;UNKNOWN;2567
Hernandez;Furniture;2558
Mace;Furniture;2554
Michaud;Tools;2553
Besnard;UNKNOWN;2547
Leroux;Computing;2545
Vallet;UNKNOWN;2545
Lacroix;Computing;2543
Chevalier;Tools;2543
Vasseur;Tools;2542
Pottier;UNKNOWN;2537
Carre;Games;2532
Raynaud;Tools;2531
Carre;Tools;2530
Jacquot;Games;2530
Fouquet;Cooking;2528
Gimenez;Games;2527
Dufour;Tools;2526
Benoit;UNKNOWN;2525
Perez;Cooking;2524
Allain;Tools;2523
Briand;Games;2520
Bouchet;Games;2516
Techer;Computing;2514
Seguin;Computing;2513
Mercier;UNKNOWN;2513
Maillard;Games;2510
Carre;Cooking;2508
Mary;Tools;2508
Mahe;Furniture;2502
Bouchet;UNKNOWN;2497
Hoareau;Computing;2493
Peltier;Furniture;2489
Carlier;Furniture;2484
Hoareau;Cooking;2481
Blin;Cooking;2480
Tessier;Furniture;2476
Lucas;Furniture;2468
Henry;UNKNOWN;2468
Grenier;Computing;2467
Lucas;Games;2460
Munoz;Cooking;2458
Breton;Computing;2456
Perret;Cooking;2453
Techer;Games;2450
Jacques;Cooking;2442
Germain;Computing;2440
Boucher;Furniture;2438
Letellier;Tools;2438
Dubois;Furniture;2431
Carre;UNKNOWN;2430
Lacombe;Cooking;2430
Vidal;UNKNOWN;2426
Le Goff;Cooking;2423
Peron;Furniture;2419
Herve;Games;2401
Fischer;Cooking;2400
Pierre;UNKNOWN;2393
Perrier;Computing;2390
Lombard;UNKNOWN;2388
Tanguy;Cooking;2380
Chevalier;Furniture;2379
Antoine;Games;2378
Berger;Furniture;2375
Lambert;Computing;2371
Maillard;UNKNOWN;2367
Rossi;Furniture;2365
Adam;Computing;2361
Jacquot;Cooking;2356
Garcia;Computing;2351
Riou;Tools;2348
Pereira;UNKNOWN;2346
Grenier;Tools;2346
Humbert;UNKNOWN;2344
Hamon;UNKNOWN;2343
Turpin;Tools;2340
Weiss;Cooking;2339
Perret;Computing;2329
Denis;Furniture;2326
Rocher;Games;2323
Techer;Furniture;2317
Rocher;Cooking;2316
Mallet;Cooking;2313
Guillou;UNKNOWN;2312
Thierry;Tools;2310
Roy;Computing;2308
Breton;Tools;2307
Poulain;Furniture;2306
Maury;Games;2306
Moreno;Games;2305
Maillard;Computing;2304
Marchand;Furniture;2302
Dumas;Tools;2301
Normand;Computing;2300
Leduc;Tools;2300
Fischer;Games;2299
Girard;Tools;2295
Bazin;Computing;2290
Le Roux;Furniture;2287
Camus;Cooking;2282
Bigot;Furniture;2279
Potier;Computing;2277
Vaillant;Computing;2276
Denis;Cooking;2276
Petit;Games;2275
Lamy;Tools;2274
Duval;Computing;2274
Grenier;UNKNOWN;2272
Da Silva;Cooking;2270
Grenier;Games;2267
Berthelot;Games;2267
Maillet;Tools;2266
Lopez;Cooking;2266
Baron;Games;2265
Bodin;Computing;2264
Roger;Furniture;2262
Reynaud;Cooking;2258
Wagner;Furniture;2256
Delaunay;Furniture;2255
Leclercq;Tools;2248
Letellier;Computing;2246
Briand;UNKNOWN;2246
Mace;Tools;2246
Lecomte;Computing;2244
Joseph;Furniture;2243
Baron;Tools;2243
Laporte;Cooking;2242
Martin;Tools;2241
Legendre;UNKNOWN;2240
Roussel;Cooking;2236
Guillou;Tools;2235
Thierry;UNKNOWN;2235
Francois;Tools;2233
Becker;Furniture;2230
Leduc;Games;2229
Grondin;Furniture;2228
Coste;UNKNOWN;2227
Dupuy;UNKNOWN;2226
Ledoux;Computing;2225
Le Goff;UNKNOWN;2225
Morel;Computing;2224
Garcia;UNKNOWN;2218
Mary;Games;2216
Bertrand;UNKNOWN;2215
Bonnet;UNKNOWN;2215
Pires;Furniture;2215
Rey;Tools;2213
Pichon;Computing;2212
Hardy;Tools;2212
Lebrun;Games;2208
Bouvier;UNKNOWN;2206
Dumont;Furniture;2204
Marin;Cooking;2203
Bonnin;Tools;2203
Weber;Cooking;2201
Riou;Computing;2200
Dias;UNKNOWN;2199
Lacroix;UNKNOWN;2198
Petitjean;Cooking;2195
Launay;Games;2194
Tessier;UNKNOWN;2194
Albert;Cooking;2191
Goncalves;Furniture;2190
Goncalves;Computing;2186
Hebert;Cooking;2185
Faivre;Games;2184
Boulanger;Tools;2184
Moreno;Furniture;2183
Guilbert;UNKNOWN;2181
Le Gall;Tools;2181
Charrier;Tools;2181
Roger;Games;2179
Roux;Tools;2176
Perrier;Tools;2175
Lelievre;Games;2174
Barre;Furniture;2174
Normand;UNKNOWN;2173
Lagarde;Cooking;2171
Hernandez;Computing;2170
Cohen;Games;2169
Giraud;Cooking;2168
Simon;Computing;2167
Lebreton;Tools;2165
Fontaine;Tools;2164
Vincent;Computing;2160
Marchal;Tools;2157
Deschamps;Games;2156
Guillet;Computing;2156
Navarro;UNKNOWN;2156
Samson;Games;2155
Thomas;Cooking;2154
Ledoux;Furniture;2153
Leroux;Tools;2151
Garcia;Cooking;2146
Vallee;Games;2145
Chauvet;Games;2141
Gomez;Cooking;2138
Fischer;UNKNOWN;2137
Faivre;Tools;2133
Joly;Games;2133
Benoit;Cooking;2129
Jacques;Furniture;2124
Pruvost;Furniture;2120
Guilbert;Games;2120
Richard;Tools;2119
Maury;UNKNOWN;2119
Faure;Tools;2117
Potier;Games;2115
Collet;UNKNOWN;2115
Maurice;Cooking;2114
Caron;Cooking;2113
Bernier;Games;2109
Pires;Tools;2108
Bonneau;Computing;2106
Masse;UNKNOWN;2105
Delorme;UNKNOWN;2103
Martins;Tools;2101
Guillaume;Cooking;2099
Levy;UNKNOWN;2097
Jean;Games;2096
Chauvin;Computing;2094
Blondel;Furniture;2091
Gauthier;Tools;2090
Gros;Furniture;2089
Guibert;Tools;2088
Picard;UNKNOWN;2088
Morin;Computing;2086
Daniel;Cooking;2074
Lamy;Cooking;2073
Laurent;Computing;2071
Chauveau;Games;2071
Bruneau;Games;2069
Lebon;UNKNOWN;2068
Navarro;Cooking;2065
Legros;UNKNOWN;2062
Poulain;Tools;2060
Paul;Games;2058
Bousquet;Cooking;2055
Fontaine;Furniture;2053
Richard;Cooking;2051
Marion;Tools;2049
Texier;Cooking;2049
Gilbert;UNKNOWN;2047
Barbier;Computing;2046
Allard;Games;2044
Olivier;Computing;2044
Bouvet;Tools;2042
Vaillant;Tools;2041
Olivier;Furniture;2039
Giraud;UNKNOWN;2037
Charles;Tools;2027
Labbe;Cooking;2018
Leroux;Furniture;2018
Traore;Games;2015
Clerc;Computing;2014
Pinto;Games;2012
Bourdon;Computing;2012
Leblanc;UNKNOWN;2011
Chretien;Games;2009
Dias;Cooking;2006
Leblanc;Furniture;2006
Dumas;Cooking;1998
Gay;Computing;1995
De Oliveira;Computing;1994
Klein;Tools;1993
Pottier;Computing;1993
Klein;Computing;1993
Bonneau;UNKNOWN;1990
Diallo;Games;1989
Benoit;Computing;1989
Gomes;Tools;1989
Bailly;Cooking;1988
Raymond;Computing;1987
Garnier;Games;1985
Chevalier;Cooking;1984
Gomes;Furniture;1982
Rousset;Computing;1980
Jean;Computing;1979
Dupre;Games;1977
Jacob;Computing;1976
Courtois;Furniture;1976
Pelletier;UNKNOWN;1974
Perrot;UNKNOWN;1973
Muller;Cooking;1973
Da Costa;UNKNOWN;1973
Da Costa;Computing;1972
Mathieu;Tools;1969
De Sousa;Computing;1967
Chauveau;Tools;1967
Lopez;Games;1964
Pires;Cooking;1963
Marion;Computing;1961
Maury;Computing;1959
Da Silva;Tools;1957
Blin;Games;1954
Dijoux;UNKNOWN;1950
Charrier;Games;1947
Joubert;Furniture;1947
Bourdon;Games;1946
Boulay;Tools;1944
Berthelot;UNKNOWN;1942
Maillet;Cooking;1942
Perrier;Furniture;1940
Neveu;Games;1940
Bousquet;Computing;1939
Gosselin;Cooking;1936
Gros;UNKNOWN;1935
Garcia;Tools;1935
Pruvost;Games;1934
Denis;UNKNOWN;1934
Mahe;Games;1934
Godard;Games;1932
Gimenez;Furniture;1932
Evrard;Cooking;1932
Deschamps;Cooking;1931
Morel;Games;1931
Loiseau;Cooking;1930
Duhamel;Computing;1929
Verdier;Furniture;1928
Rossi;UNKNOWN;1926
Leclerc;Games;1926
Mendes;UNKNOWN;1925
Chauvet;Tools;1924
Potier;UNKNOWN;1922
Fournier;Games;1922
Lebon;Games;1921
Thomas;Tools;1920
Gaillard;Furniture;1918
Pages;Furniture;1918
Rolland;UNKNOWN;1918
Gimenez;Tools;1918
Perrin;Games;1918
Pascal;Computing;1917
Navarro;Games;1916
Laine;Tools;1916
David;Computing;1913
Lenoir;Games;1913
Guerin;Furniture;1912
Legendre;Cooking;1911
Meunier;Games;1911
Bouvet;Computing;1911
Thierry;Cooking;1909
Pelletier;Computing;1908
Delmas;Tools;1908
Clerc;Games;1907
Caron;Furniture;1906
Munoz;Computing;1906
Albert;Computing;1904
Pierre;Tools;1904
Colas;UNKNOWN;1904
Peron;Computing;1903
Vaillant;Cooking;1902
Hernandez;Cooking;1902
Guilbert;Tools;1901
Blot;Tools;1901
Peltier;Computing;1900
Andre;Tools;1900
Riviere;Games;1899
Joseph;Cooking;1899
Martineau;Computing;1898
Renard;Games;1898
Gaudin;Cooking;1898
Clement;UNKNOWN;1897
Meyer;Computing;1896
Lefort;Games;1894
Carlier;Computing;1894
Leroy;Tools;1893
Caron;Computing;1893
Tessier;Games;1891
Gerard;Computing;1891
Lagarde;Games;1890
Lemoine;Computing;1890
Lacombe;Tools;1889
Petit;Computing;1889
Lebreton;Computing;1889
Lemoine;Games;1888
Albert;Tools;1888
Dupuis;Games;1887
Teixeira;Furniture;1887
Vidal;Games;1886
Guichard;Tools;1885
Millet;Computing;1885
Gilles;UNKNOWN;1885
Marin;Computing;1885
Hardy;Games;1884
Diaz;Furniture;1884
Le Goff;Computing;1883
Tanguy;UNKNOWN;1882
Picard;Furniture;1881
Prevost;UNKNOWN;1880
Dupont;Tools;1879
Laroche;Furniture;1876
Boucher;Computing;1875
Le Roux;Games;1874
Colas;Computing;1873
Dos Santos;Computing;1872
Henry;Games;1872
Hardy;UNKNOWN;1871
Girard;Furniture;1871
Ferrand;Cooking;1871
Gregoire;Tools;1870
Martins;Cooking;1867
Vincent;Furniture;1866
Ribeiro;Tools;1866
Vidal;Furniture;1865
Levy;Computing;1865
Ruiz;Tools;1865
Gillet;Computing;1864
Dos Santos;Tools;1863
Cousin;Cooking;1862
Schneider;Cooking;1862
Auger;Tools;1861
Begue;Computing;1858
Guyot;Cooking;1856
Pineau;Tools;1856
Dias;Tools;1856
Boucher;Cooking;1855
Benard;Cooking;1855
Raymond;UNKNOWN;1854
Roy;Cooking;1854
Pruvost;Cooking;1852
Philippe;Furniture;1851
Colin;Computing;1851
Blot;UNKNOWN;1849
Dupuis;UNKNOWN;1849
Perrin;Computing;1848
Duval;Tools;1848
Ferreira;Computing;1847
Coulon;Tools;1847
Allard;Computing;1846
Parent;Tools;1845
Guichard;Furniture;1844
Lenoir;Tools;1842
Leveque;Computing;1840
Lelievre;Cooking;1839
Couturier;Computing;1838
Riviere;Tools;1834
Clement;Furniture;1834
Lopes;Furniture;1831
Mace;Cooking;1830
Couturier;Tools;1830
Hamel;Furniture;1828
Lefebvre;UNKNOWN;1820
Launay;Computing;1819
Hoarau;Furniture;1819
Fernandez;Games;1819
Maury;Tools;1816
Lecoq;UNKNOWN;1814
Besson;Furniture;1813
Antoine;Computing;1813
Lenoir;Computing;1811
Morin;Cooking;1809
Lesage;Games;1808
Buisson;Tools;1806
Julien;Cooking;1806
Joseph;UNKNOWN;1801
Briand;Computing;1800
Poulain;UNKNOWN;1799
Barbier;Cooking;1799
Poulain;Cooking;1795
Lefort;Computing;1791
Ruiz;Games;1791
Hamel;Tools;1788
Masson;Tools;1787
Le Goff;Furniture;1787
Chartier;Computing;1787
Etienne;Games;1786
Pasquier;Games;1786
Renard;Cooking;1785
Moreau;Games;1784
Guillon;UNKNOWN;1783
Louis;Games;1778
Pierre;Computing;1776
Martinez;Computing;1775
Le Roux;Cooking;1774
Cousin;Furniture;1773
Mendes;Cooking;1771
Camus;UNKNOWN;1769
Pires;Games;1768
Boulanger;Games;1766
Guillot;Tools;1764
Alexandre;Furniture;1763
Benoit;Tools;1761
Lefebvre;Furniture;1758
Thierry;Furniture;1757
Pruvost;Tools;1755
Herve;UNKNOWN;1750
Blanchard;Furniture;1743
Marchand;UNKNOWN;1743
Delorme;Tools;1743
Aubert;UNKNOWN;1740
Julien;Tools;1738
Meunier;UNKNOWN;1736
Potier;Cooking;1731
Jourdan;Cooking;1728
Duhamel;Cooking;1715
Marin;Tools;1714
Leleu;Cooking;1714
Robin;Cooking;1710
Germain;Tools;1707
Vasseur;Games;1705
Klein;Furniture;1705
Normand;Furniture;1703
Gallet;Games;1702
Lesage;Cooking;1702
Devaux;Games;1702
Roux;Games;1701
Vallet;Cooking;1701
Bazin;UNKNOWN;1700
Blin;Tools;1696
Lejeune;Computing;1696
Pasquier;Tools;1695
Weber;Computing;1694
Samson;Cooking;1693
Neveu;Computing;1691
Toussaint;Computing;1690
Schmitt;Tools;1690
Gautier;Games;1690
Martin;Cooking;1689
Guerin;Computing;1687
Godard;Tools;1683
Benard;Furniture;1676
Gilles;Tools;1673
Payet;Computing;1671
Duhamel;Tools;1670
Perez;Computing;1669
Voisin;Cooking;1666
Blanc;Games;1664
Laine;Furniture;1664
Verdier;Tools;1663
Renaud;Computing;1659
Thomas;Games;1659
Charpentier;Tools;1658
Blanc;Computing;1658
Breton;UNKNOWN;1657
Michel;Furniture;1657
Gosselin;UNKNOWN;1656
Delannoy;Games;1656
Marie;Furniture;1655
Marie;Tools;1655
Julien;Games;1655
Lemonnier;Tools;1655
Guyon;UNKNOWN;1654
Thierry;Games;1654
Lemoine;Furniture;1654
Gaudin;UNKNOWN;1653
Delaunay;Tools;1652
Mallet;UNKNOWN;1652
Buisson;Furniture;1651
Barbier;UNKNOWN;1651
Jourdan;Computing;1650
Guillot;Furniture;1650
Rodrigues;Cooking;1649
Alexandre;Tools;1649
Petit;Tools;1648
Millet;Tools;1648
Verdier;UNKNOWN;1646
Hamon;Furniture;1646
Duval;Cooking;1645
Chevallier;Tools;1642
Techer;Cooking;1641
Mallet;Tools;1640
Fernandes;Computing;1639
Descamps;Furniture;1639
Lecomte;Tools;1639
Mace;Games;1637
Diaz;Tools;1636
Pasquier;Computing;1636
Seguin;Tools;1636
Lebon;Furniture;1636
Lemaire;Tools;1636
Collet;Computing;1636
Wagner;Games;1636
Berger;Computing;1636
Sanchez;UNKNOWN;1635
Brunel;Games;1635
Sanchez;Furniture;1635
Lejeune;Tools;1633
Jacquet;Tools;1632
Leger;UNKNOWN;1632
Lacombe;UNKNOWN;1631
Hamel;UNKNOWN;1630
Gomes;Computing;1630
Voisin;Games;1629
Gautier;Computing;1628
Le Gall;UNKNOWN;1627
Gautier;Furniture;1627
Royer;Games;1627
Simon;UNKNOWN;1627
Delmas;Cooking;1626
Dupuy;Computing;1625
Gilbert;Furniture;1625
Langlois;Computing;1625
Gregoire;Games;1625
Colin;Cooking;1624
Foucher;Furniture;1623
Laporte;Tools;1623
Rousseau;Furniture;1623
Blondel;Computing;1622
Allain;UNKNOWN;1622
Rousseau;Cooking;1622
Colin;UNKNOWN;1621
Pons;Tools;1620
Leblanc;Computing;1619
Cohen;Cooking;1619
Mathieu;Games;1615
Pasquier;Furniture;1615
Royer;Cooking;1615
Gonzalez;Furniture;1615
Duval;Furniture;1615
Menard;Tools;1615
Lecomte;Games;1614
Legendre;Tools;1613
Fouquet;Furniture;1613
Leroux;UNKNOWN;1613
De Sousa;UNKNOWN;1613
Colin;Furniture;1612
Renaud;Tools;1611
Guyot;UNKNOWN;1611
Costa;Games;1610
Leblanc;Cooking;1610
Clement;Cooking;1610
Langlois;Furniture;1610
Guillaume;Furniture;1608
Dupre;UNKNOWN;1608
Paris;Tools;1607
Navarro;Furniture;1606
Delattre;Cooking;1606
Ferreira;Tools;1605
Gilbert;Cooking;1603
Fernandez;Tools;1603
Leger;Cooking;1602
Mendes;Computing;1601
Pineau;UNKNOWN;1600
Weiss;Furniture;1599
Regnier;UNKNOWN;1599
Hernandez;Games;1599
Legros;Tools;1599
Cohen;Tools;1597
Coulon;Games;1597
Imbert;UNKNOWN;1596
Joubert;UNKNOWN;1596
Lejeune;UNKNOWN;1596
Menard;Games;1596
Meyer;Furniture;1595
Cordier;Computing;1595
Chauvin;Games;1595
Maillard;Tools;1593
Laurent;Games;1593
Lebreton;UNKNOWN;1592
Martel;Cooking;1592
Gomez;Furniture;1592
Delattre;Computing;1591
Normand;Tools;1591
De Oliveira;Cooking;1590
Weber;Furniture;1590
Laurent;UNKNOWN;1589
Toussaint;Tools;1588
Rolland;Games;1588
Lucas;Tools;1588
De Oliveira;Furniture;1588
Colas;Tools;1588
Bertin;UNKNOWN;1587
Raymond;Cooking;1587
Gomez;Computing;1587
Legros;Cooking;1586
Camus;Games;1586
Colas;Games;1586
Lemoine;Cooking;1585
Remy;Games;1584
Buisson;Computing;1584
Alexandre;Computing;1584
Meyer;UNKNOWN;1583
Begue;Furniture;1583
Fernandes;Games;1581
Mathieu;Cooking;1579
Petitjean;Tools;1578
Royer;Computing;1577
Munoz;Furniture;1577
Marques;Furniture;1577
Couturier;Games;1576
Chauveau;UNKNOWN;1575
Durand;Games;1575
Grondin;Cooking;1575
Breton;Cooking;1574
Legros;Games;1574
Chevallier;Furniture;1573
Gregoire;UNKNOWN;1573
Philippe;UNKNOWN;1572
Perret;Tools;1571
Blot;Games;1571
Parent;Furniture;1571
Blanchet;Computing;1571
Seguin;Furniture;1570
Leger;Furniture;1569
Noel;UNKNOWN;1569
Fleury;Cooking;1569
Dupre;Cooking;1569
Philippe;Computing;1568
Riou;Cooking;1568
Gosselin;Games;1568
Durand;UNKNOWN;1568
Royer;UNKNOWN;1567
Germain;Cooking;1567
Michel;Tools;1567
Letellier;UNKNOWN;1565
Jacob;UNKNOWN;1564
Giraud;Games;1563
Caron;Games;1563
Bailly;Games;1562
Didier;Cooking;1562
Robin;UNKNOWN;1562
Maillet;Games;1561
Delaunay;Cooking;1560
Delattre;UNKNOWN;1559
Begue;UNKNOWN;1559
Schneider;Computing;1558
Guillaume;UNKNOWN;1557
Weiss;Games;1556
Alves;Computing;1556
Colin;Tools;1555
Petit;UNKNOWN;1555
Fernandez;Furniture;1555
Imbert;Computing;1554
Bouvier;Tools;1554
Deschamps;Tools;1553
Pichon;UNKNOWN;1553
Gimenez;UNKNOWN;1553
Paris;UNKNOWN;1553
Martel;UNKNOWN;1552
Leconte;UNKNOWN;1552
Boutin;Games;1552
Robert;Computing;1550
Neveu;Furniture;1549
Cohen;UNKNOWN;1548
Poulain;Computing;1547
Gerard;Tools;1547
Renaud;UNKNOWN;1547
Meunier;Tools;1546
Jourdan;UNKNOWN;1546
Camus;Furniture;1546
Guyot;Computing;1546
Leveque;Cooking;1544
Chevallier;Computing;1543
Blanc;Tools;1542
Moulin;Furniture;1542
Gros;Games;1540
Morel;Tools;1540
Remy;Furniture;1539
Leclercq;Cooking;1539
Bonneau;Tools;1539
Roche;UNKNOWN;1539
Jacquot;Tools;1538
Langlois;Tools;1538
Vallet;Furniture;1537
Gomez;Tools;1536
Fleury;UNKNOWN;1535
Becker;Games;1534
Paul;UNKNOWN;1534
Diaz;UNKNOWN;1533
Lebon;Computing;1532
Alves;UNKNOWN;1531
Techer;Tools;1530
Riou;UNKNOWN;1530
Roger;Computing;1530
Olivier;Games;1530
Peltier;UNKNOWN;1528
Etienne;Computing;1527
Dijoux;Games;1527
Valette;Tools;1526
Collin;Computing;1526
Boyer;Furniture;1526
Jacques;Tools;1525
Boutin;UNKNOWN;1525
Rocher;Computing;1523
Boucher;Games;1521
Pons;UNKNOWN;1521
Barthelemy;Tools;1519
Maurice;UNKNOWN;1519
Etienne;Tools;1518
Toussaint;UNKNOWN;1517
Brunel;Tools;1516
Jacquet;Furniture;1516
Bernier;Furniture;1515
Turpin;Cooking;1514
De Oliveira;UNKNOWN;1514
Hernandez;UNKNOWN;1513
Lefevre;Cooking;1513
Ramos;UNKNOWN;1513
Chauvet;Furniture;1512
Garnier;Cooking;1512
Rodriguez;UNKNOWN;1512
Turpin;Games;1511
Mahe;Computing;1510
Samson;Furniture;1510
Pereira;Tools;1509
Joly;Cooking;1505
Besnard;Games;1504
Bonneau;Furniture;1502
Roche;Games;1500
Pinto;Furniture;1500
De Sousa;Tools;1499
Brunet;Cooking;1496
Leleu;UNKNOWN;1495
Dumas;Furniture;1495
Berthelot;Cooking;1495
Herve;Tools;1494
Rolland;Cooking;1494
Pierre;Games;1493
Carpentier;UNKNOWN;1492
Guillaume;Computing;1491
Rousset;UNKNOWN;1488
Marchand;Tools;1488
Maillard;Cooking;1488
Faivre;UNKNOWN;1486
Richard;Furniture;1486
Brunel;Computing;1486
Bonnet;Tools;1485
Hubert;Furniture;1484
Chauvin;Tools;1484
Morel;Cooking;1483
Gauthier;Furniture;1482
Etienne;UNKNOWN;1482
Cousin;Tools;1482
Marechal;Tools;1480
Rousset;Games;1478
Clerc;UNKNOWN;1477
Vasseur;Cooking;1477
Fournier;Computing;1477
Clement;Computing;1475
Giraud;Furniture;1475
Torres;Games;1474
Michel;UNKNOWN;1474
Brun;Furniture;1473
Diallo;UNKNOWN;1473
Roger;Tools;1472
Guyot;Furniture;1472
Diaz;Computing;1469
Gallet;Computing;1468
Lefevre;Tools;1464
Payet;UNKNOWN;1463
Traore;Furniture;1462
Olivier;Cooking;1462
Bertrand;Cooking;1462
Bernier;Computing;1461
Hardy;Cooking;1460
Simon;Tools;1459
Leroux;Cooking;1458
Mace;Computing;1458
Thibault;Computing;1457
Petitjean;Computing;1455
Da Silva;Computing;1454
Remy;Cooking;1453
Letellier;Cooking;1452
Lebreton;Games;1452
Morvan;Furniture;1451
Gillet;Games;1451
Valette;Furniture;1449
Vincent;UNKNOWN;1448
Renard;Furniture;1448
Grondin;Games;1445
Richard;Computing;1445
Pierre;Furniture;1443
Blanchard;UNKNOWN;1440
Maillot;Furniture;1436
Hoarau;Games;1435
Descamps;Computing;1434
Joly;Computing;1434
Benard;UNKNOWN;1422
Fontaine;Computing;1420
Courtois;UNKNOWN;1418
Delmas;Furniture;1417
Leroux;Games;1414
Jourdan;Games;1414
Guillet;UNKNOWN;1411
Fontaine;Games;1411
Lebrun;Cooking;1407
Regnier;Cooking;1405
Gaillard;Computing;1400
Verdier;Games;1395
Bodin;UNKNOWN;1392
Jacquet;UNKNOWN;1392
Weber;UNKNOWN;1392
Parent;Games;1392
Duval;UNKNOWN;1391
Renard;Computing;1391
Gillet;Tools;1385
Voisin;Computing;1382
Valentin;Games;1380
Masse;Tools;1379
Vallee;UNKNOWN;1376
Gonzalez;Computing;1373
Brunet;Computing;1373
Robin;Games;1373
Huet;Computing;1369
Guichard;UNKNOWN;1367
Blanc;Furniture;1367
Michaud;Computing;1367
Tessier;Cooking;1365
Louis;Furniture;1363
Barre;Cooking;1363
Georges;Games;1361
Simon;Furniture;1361
Bazin;Games;1360
Dumas;UNKNOWN;1358
Mallet;Furniture;1357
Picard;Computing;1355
Roux;Cooking;1354
Martineau;Games;1354
Pereira;Computing;1354
Roussel;Computing;1353
Fleury;Furniture;1353
Joly;UNKNOWN;1350
Hamon;Games;1350
Lemaire;Cooking;1349
Perrot;Tools;1348
Dubois;UNKNOWN;1345
De Oliveira;Games;1343
Rocher;Tools;1342
Levy;Cooking;1340
Merle;Furniture;1337
Morvan;UNKNOWN;1337
Guillet;Games;1336
Hubert;UNKNOWN;1335
Michaud;Furniture;1333
Petitjean;Games;1332
Lefebvre;Computing;1332
Bertin;Furniture;1332
Henry;Tools;1331
Guillou;Cooking;1331
Gregoire;Cooking;1331
Jean;Tools;1331
Bourdon;Furniture;1330
Gerard;Cooking;1330
Camus;Computing;1330
Gilles;Furniture;1329
Clement;Tools;1329
Gros;Tools;1328
Morin;Tools;1327
Louis;UNKNOWN;1327
Picard;Cooking;1326
Paul;Cooking;1326
Rey;Cooking;1325
Herve;Computing;1324
Nicolas;Computing;1324
Pierre;Cooking;1323
Nicolas;UNKNOWN;1323
Cousin;UNKNOWN;1322
David;Tools;1322
Lemaire;Furniture;1321
Carre;Furniture;1320
Valentin;Tools;1320
Le Roux;Tools;1319
Fontaine;UNKNOWN;1318
Aubry;Computing;1318
Bernier;Cooking;1317
Traore;Cooking;1316
Lefort;Furniture;1316
Bernard;Computing;1315
Pinto;Computing;1315
Mahe;UNKNOWN;1315
Vallee;Furniture;1314
Rocher;UNKNOWN;1313
Wagner;UNKNOWN;1312
Hamel;Cooking;1311
Lejeune;Cooking;1310
Charrier;Furniture;1310
Georges;Tools;1309
Costa;Furniture;1309
Carpentier;Tools;1309
Albert;Furniture;1308
Legendre;Furniture;1308
Gallet;Furniture;1307
Sauvage;UNKNOWN;1306
Grenier;Furniture;1305
Seguin;Cooking;1305
Rey;UNKNOWN;1304
Boulanger;Furniture;1304
Baron;Furniture;1304
Charrier;Cooking;1303
Clement;Games;1303
Huet;Games;1302
Valette;Games;1302
Breton;Games;1301
Toussaint;Furniture;1301
Goncalves;Cooking;1299
Daniel;UNKNOWN;1298
Besson;Computing;1297
Marty;Tools;1297
Merle;Computing;1296
Paris;Games;1296
Lesage;Furniture;1296
Pires;Computing;1294
Delannoy;Furniture;1294
Godard;Computing;1294
Labbe;UNKNOWN;1294
Aubert;Computing;1293
Bodin;Furniture;1292
Regnier;Furniture;1292
Loiseau;Games;1292
Roussel;UNKNOWN;1292
Grondin;Tools;1292
Menard;Computing;1292
Mary;Computing;1291
Benoit;Games;1291
Leconte;Games;1291
Dos Santos;Cooking;1290
Fernandez;UNKNOWN;1289
Colin;Games;1288
Hoareau;UNKNOWN;1288
Charpentier;Computing;1288
Torres;Furniture;1286
Texier;Furniture;1285
Da Costa;Tools;1285
Pineau;Games;1284
Ferreira;UNKNOWN;1283
Bruneau;UNKNOWN;1283
Perrin;Cooking;1283
Navarro;Computing;1282
Lacombe;Furniture;1281
Dufour;UNKNOWN;1280
Martinez;Furniture;1280
Neveu;UNKNOWN;1279
Bertin;Cooking;1279
Maury;Furniture;1277
Fouquet;Games;1277
Denis;Games;1276
Lopez;Tools;1276
Fabre;Games;1276
Poirier;Tools;1276
Gallet;UNKNOWN;1275
Berthelot;Furniture;1273
Delaunay;UNKNOWN;1273
Blot;Cooking;1272
Paris;Furniture;1272
Bigot;Cooking;1271
Giraud;Computing;1271
Allain;Cooking;1271
Becker;Cooking;1271
Brunet;Furniture;1271
Lombard;Cooking;1271
Voisin;Tools;1270
Mathieu;Furniture;1270
Evrard;Tools;1269
Dijoux;Tools;1268
Fabre;UNKNOWN;1267
Collet;Furniture;1267
Letellier;Games;1267
Dijoux;Furniture;1267
Bonnin;Furniture;1266
Brunet;UNKNOWN;1266
Maurice;Computing;1265
Dubois;Computing;1265
Ollivier;Cooking;1264
Sanchez;Computing;1263
Grondin;Computing;1263
Chretien;Cooking;1262
Langlois;Games;1262
Arnaud;Tools;1260
Delorme;Computing;1258
Coste;Furniture;1258
Perrot;Games;1258
Lefevre;UNKNOWN;1257
Payet;Furniture;1257
Tanguy;Computing;1257
Boutin;Furniture;1257
Lefort;UNKNOWN;1257
Meunier;Furniture;1256
Hoarau;Computing;1256
Dupont;Furniture;1256
Millet;Cooking;1256
Maurice;Tools;1256
Monnier;Computing;1254
Girard;UNKNOWN;1253
Mahe;Tools;1253
Buisson;Cooking;1252
Techer;UNKNOWN;1252
Roux;Computing;1252
Salmon;UNKNOWN;1252
Dos Santos;Games;1251
Adam;Games;1251
Faure;Furniture;1251
Hamon;Tools;1251
Teixeira;Tools;1251
Albert;Games;1249
Leconte;Cooking;1249
Marie;UNKNOWN;1248
Labbe;Furniture;1248
Barthelemy;Computing;1247
Pons;Furniture;1247
Dumont;Tools;1247
Bouvier;Cooking;1246
Lefebvre;Cooking;1246
Renault;Tools;1245
Pichon;Furniture;1244
Fabre;Cooking;1244
Weiss;Computing;1243
Pascal;Tools;1242
Ribeiro;Games;1241
Maurice;Furniture;1241
Lecoq;Computing;1240
Pottier;Furniture;1240
Diallo;Furniture;1240
Leblanc;Tools;1239
Guichard;Games;1239
Salmon;Games;1237
Costa;UNKNOWN;1237
Rodriguez;Cooking;1237
Martineau;Furniture;1237
Barbier;Furniture;1237
Lacombe;Computing;1236
Delattre;Furniture;1236
Pelletier;Cooking;1236
Fernandes;UNKNOWN;1236
Pichon;Games;1236
Vincent;Games;1236
Boyer;Games;1235
Sauvage;Cooking;1235
Maillot;Games;1234
Daniel;Tools;1234
Bazin;Furniture;1234
Joly;Furniture;1233
Joseph;Computing;1233
Delahaye;Games;1233
Carlier;Tools;1233
Gilbert;Games;1232
Bourgeois;Furniture;1232
Roussel;Tools;1232
Lucas;UNKNOWN;1231
Seguin;UNKNOWN;1230
Guillon;Games;1230
Masson;Computing;1230
Weiss;Tools;1229
Nicolas;Cooking;1229
Boulay;Cooking;1229
Fournier;UNKNOWN;1228
Lambert;Tools;1227
Jacques;Computing;1227
Blot;Computing;1227
Diaz;Games;1227
Dupuis;Tools;1226
Baudry;UNKNOWN;1225
Maillot;Cooking;1225
Andre;Cooking;1225
Remy;Tools;1225
Delmas;Computing;1224
Coulon;UNKNOWN;1223
Costa;Computing;1222
Bousquet;Games;1222
Rodriguez;Furniture;1221
Levy;Tools;1221
Couturier;UNKNOWN;1221
Masson;Furniture;1221
Blin;Furniture;1221
Pottier;Cooking;1220
Pasquier;Cooking;1220
Bouchet;Furniture;1220
Fleury;Computing;1220
Germain;Furniture;1219
Chevalier;Computing;1219
Diaz;Cooking;1219
Pruvost;UNKNOWN;1219
Merle;Cooking;1218
Gomez;UNKNOWN;1218
Imbert;Furniture;1218
Legrand;Furniture;1217
Aubry;Tools;1217
Regnier;Tools;1217
Rodrigues;Furniture;1216
Bourgeois;Computing;1216
Sanchez;Cooking;1216
Didier;Tools;1216
Gauthier;Games;1215
Charpentier;Furniture;1214
Vasseur;UNKNOWN;1213
Roche;Cooking;1213
Wagner;Computing;1212
Fischer;Furniture;1212
Moulin;Computing;1211
Guichard;Computing;1209
Pichon;Cooking;1208
Lacroix;Tools;1208
Chretien;Furniture;1207
Chauveau;Computing;1207
Ramos;Computing;1207
Bertin;Computing;1207
Regnier;Games;1207
Langlois;Cooking;1206
Marchand;Computing;1206
Berthelot;Computing;1206
Meyer;Tools;1205
Thibault;Cooking;1205
Delmas;UNKNOWN;1204
Coulon;Cooking;1204
Pascal;Furniture;1202
Lemoine;UNKNOWN;1202
Noel;Games;1202
Robert;Cooking;1202
Chretien;UNKNOWN;1202
Millet;Games;1201
Jacquot;Furniture;1201
Muller;Furniture;1200
Hamon;Cooking;1200
Bruneau;Furniture;1200
Roger;Cooking;1199
Le Roux;Computing;1199
Coulon;Furniture;1198
Benard;Games;1197
Torres;Computing;1197
Colas;Cooking;1197
Fischer;Computing;1196
Valette;Computing;1195
Daniel;Games;1195
Foucher;Cooking;1194
Faivre;Computing;1194
Fontaine;Cooking;1194
Roux;Furniture;1193
Chartier;Games;1193
Dupuy;Games;1193
Bernard;UNKNOWN;1192
Coulon;Computing;1191
Benard;Computing;1191
Hebert;UNKNOWN;1190
Julien;UNKNOWN;1190
Schmitt;Cooking;1190
Ramos;Tools;1190
Charles;Furniture;1190
Allain;Computing;1190
Thierry;Computing;1189
Begue;Games;1188
Vallee;Tools;1188
Bailly;Furniture;1187
Adam;Cooking;1185
Marie;Cooking;1185
Maillot;Tools;1183
Schneider;Furniture;1183
Lenoir;Furniture;1182
Nicolas;Tools;1181
Texier;Tools;1181
Garnier;Tools;1180
Barbe;Cooking;1180
Charles;Computing;1178
Toussaint;Games;1177
Bigot;Computing;1177
Monnier;Cooking;1176
Etienne;Furniture;1175
Delannoy;Tools;1175
Leroy;Cooking;1174
Martineau;Cooking;1174
Hernandez;Tools;1173
Perrin;Furniture;1173
Rolland;Tools;1172
Bonnin;Games;1172
Peron;UNKNOWN;1171
Lombard;Computing;1169
Guerin;Games;1169
Bouchet;Tools;1168
Ollivier;Furniture;1168
Dupont;UNKNOWN;1164
Aubry;UNKNOWN;1164
Weber;Tools;1163
Gomes;Cooking;1163
Bertrand;Furniture;1161
Lefort;Tools;1161
Gillet;UNKNOWN;1161
De Sousa;Games;1160
Delahaye;Computing;1159
Renard;UNKNOWN;1159
Renault;Cooking;1159
Guillaume;Tools;1156
Lacombe;Games;1155
Potier;Furniture;1154
Poulain;Games;1154
Michaud;Cooking;1154
Bodin;Tools;1153
Guyot;Games;1153
Peltier;Games;1150
Pages;Computing;1150
Hamel;Computing;1149
Perez;UNKNOWN;1149
Rodrigues;Tools;1149
Evrard;UNKNOWN;1148
Faivre;Cooking;1146
Maillot;Computing;1145
Bonnin;Computing;1145
Auger;Computing;1144
Masson;Games;1144
Masse;Cooking;1142
Bernier;UNKNOWN;1138
Hardy;Furniture;1134
Delaunay;Computing;1133
Evrard;Furniture;1127
Ramos;Furniture;1126
Robert;UNKNOWN;1120
Hamel;Games;1112
Dupont;Games;1111
Bourdon;Cooking;1111
Boyer;Tools;1109
Gaillard;Cooking;1108
Meyer;Games;1104
Dupuis;Cooking;1104
Marechal;Cooking;1100
Barbe;Furniture;1095
Parent;Cooking;1092
Dubois;Games;1089
Bourdon;UNKNOWN;1089
Lebrun;Furniture;1087
Gautier;Tools;1086
Auger;Furniture;1085
Allard;Tools;1082
Etienne;Cooking;1081
Morin;Furniture;1081
Ferrand;Games;1067
Adam;Furniture;1067
Samson;Tools;1065
Gonzalez;Cooking;1059
Laurent;Cooking;1058
Bonnet;Games;1058
Lacroix;Cooking;1057
De Sousa;Furniture;1056
Guyon;Computing;1052
Thibault;UNKNOWN;1048
Renaud;Games;1045
Bertrand;Tools;1045
Godard;Cooking;1044
Ledoux;Games;1044
Raynaud;Games;1043
Nguyen;UNKNOWN;1042
Laroche;Tools;1040
Besnard;Cooking;1040
Cordier;Furniture;1038
Menard;Furniture;1038
Bouvet;Games;1037
Dufour;Furniture;1036
Lemaitre;Tools;1035
Leduc;Cooking;1035
Lambert;Games;1034
Maillet;UNKNOWN;1032
Delattre;Games;1030
Baron;Computing;1028
Masse;Furniture;1028
Henry;Cooking;1027
Carlier;Cooking;1027
Pineau;Furniture;1027
Ollivier;Tools;1026
Brunel;Cooking;1023
Pascal;UNKNOWN;1022
Merle;UNKNOWN;1021
Noel;Tools;1021
David;UNKNOWN;1021
Pons;Computing;1021
Brun;Tools;1020
Lopez;UNKNOWN;1020
Chretien;Tools;1019
Lopes;Games;1019
Brunet;Games;1019
Boyer;Cooking;1016
Roussel;Furniture;1016
Fournier;Cooking;1016
Coste;Games;1015
Jean;Cooking;1013
Schneider;UNKNOWN;1013
Baron;UNKNOWN;1013
Blanchet;Games;1012
Moulin;Cooking;1012
Marchand;Games;1010
Petit;Furniture;1010
Descamps;Tools;1009
Leroy;Games;1009
Roche;Furniture;1008
Legrand;Cooking;1008
Vallet;Games;1007
Didier;Furniture;1006
Morel;Furniture;1005
Gonzalez;Games;1005
Pereira;Furniture;1003
Leclercq;Computing;1002
Rocher;Furniture;1002
Moreau;Furniture;1001
Jacquet;Cooking;1001
Tessier;Tools;1001
Pascal;Games;1000
Masson;Cooking;1000
Gay;Tools;1000
Joseph;Games;1000
Leveque;UNKNOWN;999
Dumont;Cooking;999
Michel;Computing;997
Durand;Cooking;997
Arnaud;Cooking;995
Georges;UNKNOWN;995
Dupuis;Computing;993
Dubois;Tools;992
Parent;Computing;991
Roux;UNKNOWN;990
Labbe;Tools;988
Valette;Cooking;988
Bruneau;Computing;987
Fouquet;UNKNOWN;987
Aubert;Tools;986
Lopes;Computing;986
Bernard;Cooking;986
Noel;Computing;986
Roy;UNKNOWN;986
Leroy;UNKNOWN;986
Ruiz;Computing;986
Didier;Computing;985
Regnier;Computing;985
Monnier;Tools;985
Bourgeois;UNKNOWN;985
Courtois;Computing;985
Moreno;UNKNOWN;984
Riviere;UNKNOWN;983
Ruiz;Cooking;982
Fernandes;Tools;982
Legrand;UNKNOWN;982
Renaud;Furniture;982
Bailly;UNKNOWN;982
Perrier;UNKNOWN;981
Texier;UNKNOWN;981
Vincent;Tools;980
Sanchez;Tools;979
Bernard;Furniture;979
Giraud;Tools;978
Besnard;Computing;978
Lemaitre;Furniture;977
Huet;UNKNOWN;977
Leger;Tools;977
Hoarau;Cooking;977
Legros;Furniture;977
Laporte;Furniture;975
Hebert;Games;974
Dufour;Computing;974
Robert;Games;974
Ledoux;Cooking;974
Garnier;UNKNOWN;974
Chretien;Computing;974
Pires;UNKNOWN;973
Chevalier;UNKNOWN;973
Hoareau;Tools;973
Dos Santos;UNKNOWN;973
Thibault;Games;972
Boulay;Computing;972
Perez;Games;971
Lefort;Cooking;971
Raymond;Tools;971
Blanchard;Computing;971
Evrard;Computing;970
Chauvin;Cooking;970
Vincent;Cooking;970
Royer;Tools;969
Renaud;Cooking;969
Garcia;Furniture;969
Moreno;Cooking;969
Dijoux;Computing;969
Maillet;Furniture;968
Prevost;Furniture;968
Dias;Games;968
Daniel;Computing;968
Blanc;UNKNOWN;968
Valentin;Cooking;968
Barthelemy;Cooking;968
Antoine;UNKNOWN;967
Lemonnier;Games;966
Carpentier;Computing;966
Gosselin;Furniture;966
Dufour;Games;966
Chevallier;UNKNOWN;965
Costa;Cooking;965
David;Furniture;964
Charpentier;Games;964
Alves;Tools;963
Daniel;Furniture;962
Francois;UNKNOWN;962
Ollivier;UNKNOWN;962
Briand;Tools;961
Millet;UNKNOWN;961
Pichon;Tools;960
Martin;Furniture;959
Gautier;UNKNOWN;959
Morvan;Games;959
Moreau;UNKNOWN;958
Dias;Furniture;958
Rodriguez;Computing;958
Breton;Furniture;958
Moreno;Computing;957
Arnaud;Computing;957
Ferreira;Furniture;957
Thibault;Furniture;956
Begue;Tools;956
Marques;Cooking;956
Buisson;Games;956
Dumont;Computing;955
Gros;Computing;955
Ribeiro;Cooking;955
Arnaud;Furniture;954
Legros;Computing;954
Leclerc;Cooking;954
Le Gall;Games;954
Baron;Cooking;954
Hamon;Computing;953
Teixeira;Cooking;953
Pages;Cooking;953
Muller;Tools;951
Blanchard;Tools;951
Dupre;Computing;951
Nguyen;Cooking;950
Devaux;Computing;950
Jacob;Tools;950
Dumas;Games;950
Carlier;Games;950
Le Gall;Computing;949
Paris;Computing;949
Foucher;Tools;948
Diallo;Computing;947
Camus;Tools;947
Mendes;Games;947
Jacob;Games;947
Lopes;Tools;947
Marie;Games;947
Ribeiro;Furniture;947
Rey;Computing;947
Raynaud;Computing;947
Guillot;Games;947
Leleu;Furniture;946
Bernard;Tools;946
Gillet;Cooking;946
Carlier;UNKNOWN;945
Voisin;Furniture;945
Bourgeois;Games;944
Blondel;UNKNOWN;944
Laporte;Computing;944
Rousset;Tools;944
Blondel;Tools;943
Foucher;Games;943
Salmon;Tools;943
Goncalves;Tools;943
Delahaye;UNKNOWN;943
Sauvage;Games;942
Brun;Cooking;942
Marechal;Furniture;942
Marion;Furniture;942
Duhamel;Games;940
Da Costa;Furniture;940
Dias;Computing;939
Vaillant;Games;939
Chauvin;Furniture;938
Guerin;Tools;938
Gillet;Furniture;938
Poirier;Games;938
Rossi;Computing;937
Lamy;UNKNOWN;937
Francois;Furniture;937
Delmas;Games;937
Bouvier;Games;936
Muller;Computing;936
Becker;UNKNOWN;936
Masson;UNKNOWN;936
Gilbert;Tools;936
Lebreton;Cooking;935
Moreau;Cooking;935
Michel;Cooking;935
Leclerc;Computing;935
Poirier;Cooking;934
Vallee;Cooking;934
Barbe;Games;934
Charrier;Computing;933
Guillet;Furniture;932
Baudry;Tools;932
Gautier;Cooking;932
Barthelemy;Furniture;931
Ferreira;Games;931
Munoz;Tools;931
Lemonnier;UNKNOWN;931
Cousin;Computing;931
Boucher;UNKNOWN;931
Tanguy;Games;930
Le Goff;Tools;930
Rossi;Tools;929
Ribeiro;UNKNOWN;928
Wagner;Tools;928
Lelievre;Computing;928
Monnier;UNKNOWN;928
Guyon;Games;928
Arnaud;UNKNOWN;927
Collin;Furniture;927
Boulanger;Computing;927
Perrot;Cooking;927
Costa;Tools;927
Masse;Computing;927
Payet;Tools;926
Huet;Tools;926
Traore;Computing;926
Noel;Cooking;926
Meunier;Computing;925
Perrier;Cooking;925
Launay;UNKNOWN;924
Humbert;Furniture;924
Fleury;Games;924
Rodrigues;UNKNOWN;923
Germain;Games;923
Rossi;Games;923
Lemaitre;Cooking;922
Mercier;Cooking;922
Lesage;UNKNOWN;922
Perrier;Games;921
Couturier;Furniture;921
Delahaye;Furniture;920
Guibert;UNKNOWN;920
Chartier;Tools;920
Bourgeois;Cooking;918
Barthelemy;Games;918
Bousquet;UNKNOWN;918
Alves;Games;917
Boucher;Tools;917
Hoareau;Games;916
Perret;UNKNOWN;916
David;Games;916
Michaud;Games;916
Delorme;Cooking;915
Leclercq;Games;915
Imbert;Games;914
Collin;Cooking;914
Leclercq;Furniture;914
Payet;Games;914
Jacob;Furniture;913
Lejeune;Furniture;913
Aubry;Games;913
Boulanger;UNKNOWN;912
Gallet;Cooking;912
Boyer;UNKNOWN;912
Gaillard;Games;911
Guibert;Games;911
Devaux;UNKNOWN;910
Ruiz;Furniture;910
Huet;Furniture;909
Ledoux;Tools;909
Lemonnier;Cooking;909
Michaud;UNKNOWN;909
Poirier;Furniture;908
Francois;Computing;908
Vidal;Cooking;908
Teixeira;Computing;908
Levy;Games;908
Loiseau;Tools;907
Clerc;Tools;907
Noel;Furniture;907
Vallet;Tools;907
Gay;Games;907
Raymond;Furniture;907
Lelievre;UNKNOWN;906
Lambert;Cooking;905
Courtois;Tools;905
Blanchet;Tools;904
Bouvier;Furniture;903
Poirier;UNKNOWN;903
Caron;UNKNOWN;903
Munoz;Games;903
Barre;Tools;902
Descamps;Games;902
Gilbert;Computing;902
Colas;Furniture;901
Marchal;Cooking;901
Chevallier;Cooking;900
Leclerc;Furniture;900
Charrier;UNKNOWN;899
Vallee;Computing;899
Nguyen;Tools;898
Blin;Computing;898
Pineau;Computing;898
Michel;Games;898
Guillot;UNKNOWN;898
Roy;Furniture;897
Menard;UNKNOWN;897
Roussel;Games;897
Jacques;UNKNOWN;896
Delannoy;UNKNOWN;896
Brun;Games;895
Martel;Computing;895
Thibault;Tools;895
Denis;Computing;894
Guibert;Cooking;893
Joubert;Games;893
Klein;UNKNOWN;892
Leveque;Games;892
Lefebvre;Games;892
Pages;UNKNOWN;891
Laroche;Cooking;890
Rossi;Cooking;890
Verdier;Cooking;887
Cohen;Computing;887
Didier;Games;887
Guillet;Tools;887
Robert;Tools;886
Fournier;Furniture;883
Bailly;Computing;882
Francois;Games;882
Duhamel;UNKNOWN;882
Petitjean;Furniture;882
Bousquet;Tools;881
Petitjean;UNKNOWN;881
Descamps;Cooking;880
Martel;Games;880
Fernandez;Computing;879
Coste;Computing;879
Martinez;Tools;879
Arnaud;Games;878
Lemonnier;Computing;878
Gregoire;Furniture;878
Lombard;Games;878
Humbert;Tools;877
Caron;Tools;876
Riou;Furniture;875
Boutin;Cooking;875
Duhamel;Furniture;874
Pages;Games;874
Morvan;Tools;873
Durand;Furniture;872
Bonnin;Cooking;872
Dijoux;Cooking;872
Hardy;Computing;871
Hoarau;UNKNOWN;870
Mercier;Computing;869
Baudry;Games;869
Antoine;Cooking;868
Gilles;Computing;868
Chauvin;UNKNOWN;868
Neveu;Cooking;867
Rodrigues;Computing;867
Morin;Games;864
Payet;Cooking;863
Maillot;UNKNOWN;863
Peron;Games;863
Marques;Tools;862
Hoareau;Furniture;862
Pruvost;Computing;861
Marchal;Furniture;861
Deschamps;UNKNOWN;860
Riviere;Cooking;859
Aubry;Cooking;858
Simon;Games;857
Louis;Tools;856
Besnard;Furniture;856
Marin;Games;853
Bouvet;UNKNOWN;851
Chartier;Furniture;851
Texier;Computing;850
Lecoq;Furniture;848
Marchal;Computing;848
Martinez;Games;845
Vidal;Tools;845
Devaux;Tools;843
Godard;UNKNOWN;841
Lemaitre;Computing;840
Delorme;Games;840
Bourgeois;Tools;837
Hubert;Games;834
Collin;UNKNOWN;833
Gomes;Games;833
Da Silva;Games;832
Roger;UNKNOWN;830
Langlois;UNKNOWN;829
Guibert;Computing;828
Raynaud;Cooking;828
Rolland;Furniture;828
Le Roux;UNKNOWN;827
Gilles;Games;823
Klein;Cooking;822
Cohen;Furniture;821
Ramos;Games;819
Blanchet;UNKNOWN;809
Robin;Tools;763
Mercier;Furniture;763
Perrin;Tools;748
Bousquet;Furniture;748
Blanchet;Cooking;745
Garnier;Furniture;737
Jacquet;Computing;736
Gerard;UNKNOWN;729
Alexandre;Cooking;728
Godard;Furniture;727
Mathieu;Computing;724
Besson;Cooking;723
Dupuy;Tools;722
Hubert;Computing;720
Lagarde;UNKNOWN;719
Lamy;Games;718
Cordier;Cooking;717
Chauveau;Cooking;712
Riviere;Computing;709
Marty;Furniture;707
Henry;Furniture;706
Blot;Furniture;702
Rodrigues;Games;700
Laine;Cooking;699
Ollivier;Games;699
Herve;Cooking;697
Schmitt;Furniture;696
Barre;Games;696
Laporte;Games;696
Le Goff;Games;695
Lecoq;Games;691
Bertrand;Games;690
Aubert;Cooking;690
Gauthier;Cooking;688
Guilbert;Computing;688
Mary;UNKNOWN;686
Thomas;Computing;686
Collet;Cooking;685
Lopes;Cooking;684
Barbe;UNKNOWN;684
Gauthier;Computing;684
Morin;UNKNOWN;684
Morel;UNKNOWN;684
Leduc;Computing;683
Da Silva;UNKNOWN;683
Ferrand;Tools;682
Martineau;UNKNOWN;682
Seguin;Games;682
Vasseur;Computing;682
Girard;Cooking;679
Turpin;Furniture;676
Leger;Games;675
Barthelemy;UNKNOWN;675
Georges;Furniture;675
Lesage;Tools;675
Nicolas;Furniture;674
Prevost;Games;674
Chauveau;Furniture;673
Marty;UNKNOWN;673
Mercier;Tools;673
Faivre;Furniture;672
Dumont;Games;672
Chauvet;UNKNOWN;672
Leger;Computing;671
Gosselin;Tools;671
Henry;Computing;671
Prevost;Cooking;670
Bigot;UNKNOWN;670
Raymond;Games;669
Weiss;UNKNOWN;669
Antoine;Tools;668
Laroche;Computing;667
Bertin;Tools;666
Martinez;Cooking;666
Lamy;Furniture;666
Lelievre;Furniture;665
Schneider;Games;664
Bourdon;Tools;663
Bonneau;Cooking;662
Gaudin;Games;662
Fischer;Tools;662
Lambert;Furniture;662
Jourdan;Furniture;661
Joly;Tools;661
Auger;Games;661
Lecomte;Furniture;661
Lecoq;Tools;660
Guerin;UNKNOWN;660
Lebon;Tools;660
Loiseau;Furniture;660
Blondel;Cooking;659
Boutin;Tools;658
Olivier;Tools;658
Richard;UNKNOWN;656
Vasseur;Furniture;656
Salmon;Furniture;655
Martin;Games;655
Marty;Games;655
Leconte;Computing;654
Clerc;Furniture;654
Imbert;Tools;654
Launay;Tools;653
Pottier;Games;653
Blondel;Games;653
Lagarde;Tools;653
Letellier;Furniture;652
Collet;Games;651
Didier;UNKNOWN;651
Bouvet;Furniture;651
Humbert;Games;651
Aubert;Furniture;650
Leblanc;Games;649
Potier;Tools;649
Olivier;UNKNOWN;648
Denis;Tools;648
Martins;UNKNOWN;648
Weber;Games;648
Begue;Cooking;648
Lecoq;Cooking;645
Torres;Cooking;644
Martin;Computing;644
Bernier;Tools;643
Benard;Tools;643
Berthelot;Tools;643
Peron;Tools;643
Moreno;Tools;643
Lebon;Cooking;643
Morvan;Cooking;642
Foucher;Computing;641
Jourdan;Tools;641
Guyon;Furniture;640
Fernandez;Cooking;640
Francois;Cooking;640
Rousseau;Games;639
Salmon;Computing;638
Aubert;Games;637
Ferrand;UNKNOWN;637
Guyon;Tools;637
Vaillant;Furniture;636
Pottier;Tools;636
Chauvet;Computing;636
Auger;Cooking;634
Roy;Tools;634
Gerard;Games;634
Auger;UNKNOWN;634
Marion;Games;632
Laurent;Tools;632
Fournier;Tools;631
Schmitt;Computing;630
Martin;UNKNOWN;630
Herve;Furniture;630
Rodriguez;Games;629
Monnier;Furniture;629
Barre;Computing;629
Voisin;UNKNOWN;629
Bazin;Cooking;629
Blanchard;Games;628
Humbert;Computing;628
Gonzalez;UNKNOWN;627
Cordier;Games;627
Torres;UNKNOWN;626
Legrand;Computing;626
Renard;Tools;626
Diallo;Tools;625
Andre;Games;625
Hebert;Computing;625
Paul;Tools;623
Faure;Cooking;623
Imbert;Cooking;622
Leclercq;UNKNOWN;622
Wagner;Cooking;622
Bonnin;UNKNOWN;621
Leduc;Furniture;621
Monnier;Games;621
Philippe;Tools;621
Raynaud;Furniture;620
Lopez;Computing;620
Sauvage;Tools;620
Coste;Tools;620
Collin;Games;619
Gaillard;UNKNOWN;619
Tanguy;Tools;619
Maury;Cooking;619
Leconte;Furniture;619
Gay;UNKNOWN;617
Delahaye;Cooking;617
Deschamps;Furniture;617
Bertrand;Computing;617
Guillon;Furniture;617
Lemonnier;Furniture;617
Coste;Cooking;616
Pons;Games;615
Guillon;Cooking;615
Jacob;Cooking;615
Guilbert;Furniture;615
Mendes;Tools;614
Lucas;Computing;614
Barre;UNKNOWN;614
Thomas;Furniture;614
Martel;Tools;612
Goncalves;UNKNOWN;612
Gaillard;Tools;611
Joubert;Tools;611
Schmitt;UNKNOWN;611
Robin;Computing;610
Chevallier;Games;609
Moulin;UNKNOWN;609
Guillou;Games;608
Bodin;Cooking;608
Bonnet;Cooking;608
Ramos;Cooking;607
Cousin;Games;605
Lemaitre;UNKNOWN;604
Berger;Games;604
Goncalves;Games;604
Marechal;Computing;604
Martinez;UNKNOWN;603
Dubois;Cooking;603
Guillou;Computing;603
Sauvage;Computing;602
Lefebvre;Tools;602
Merle;Games;602
Evrard;Games;602
Laine;Computing;600
Lacroix;Games;600
Julien;Computing;600
Tanguy;Furniture;600
Berger;Tools;599
Bigot;Games;599
Bouvier;Computing;598
Laine;UNKNOWN;598
Bouchet;Cooking;598
Pereira;Games;596
Remy;Computing;595
Durand;Computing;595
Germain;UNKNOWN;595
Lemaire;Games;595
Launay;Cooking;594
Girard;Games;593
Faure;UNKNOWN;593
Hebert;Furniture;593
Toussaint;Cooking;592
Lemaire;UNKNOWN;592
Peltier;Tools;591
Gauthier;UNKNOWN;590
Briand;Furniture;589
Richard;Games;588
Alves;Furniture;587
Paul;Computing;586
Baudry;Computing;586
Teixeira;Games;585
Valentin;Computing;584
Boulay;Games;584
Grondin;UNKNOWN;583
Charpentier;UNKNOWN;583
Turpin;Computing;583
Grenier;Cooking;583
Carpentier;Cooking;582
Marty;Computing;582
Berger;Cooking;581
Leroy;Furniture;580
Barbe;Computing;580
Bodin;Games;579
Legrand;Games;579
Lebreton;Furniture;578
Lelievre;Tools;578
Gaudin;Computing;577
Millet;Furniture;577
Paul;Furniture;577
Carpentier;Games;576
Traore;UNKNOWN;576
Traore;Tools;575
Perez;Tools;574
Leveque;Furniture;574
Muller;UNKNOWN;573
Nguyen;Computing;572
Reynaud;Furniture;572
Lemaitre;Games;572
Valette;UNKNOWN;572
Georges;Computing;571
Laurent;Furniture;571
Normand;Cooking;570
Mercier;Games;570
Joubert;Cooking;569
Lemoine;Tools;569
Julien;Furniture;568
Legrand;Tools;568
Delannoy;Computing;566
Pineau;Cooking;566
Adam;UNKNOWN;566
Le Gall;Furniture;564
Lecomte;Cooking;563
Valentin;Furniture;562
Girard;Computing;562
Bouvet;Cooking;562
Prevost;Tools;561
Moulin;Games;561
Marchand;Cooking;561
Leleu;Games;561
Bouchet;Computing;560
Clerc;Cooking;559
Neveu;Tools;559
Sanchez;Games;557
Maillard;Furniture;557
Faure;Computing;556
Sauvage;Furniture;554
Leroy;Computing;553
Aubry;Furniture;551
Rousset;Furniture;550
Collet;Tools;550
Renault;Games;546
Brunel;UNKNOWN;544
Delattre;Tools;544
Renault;Computing;543
Martins;Computing;540
Besson;Tools;539
Lenoir;UNKNOWN;538
Lopes;UNKNOWN;538
Fouquet;Computing;537
Klein;Games;535
Bonneau;Games;534
Leclerc;Tools;534
Dupuy;Furniture;533
Ferrand;Computing;532
Gregoire;Computing;526
Jacquot;UNKNOWN;523
Dufour;Cooking;522
Rousseau;Tools;516
Charles;Cooking;510
Bertin;Games;503
Jacques;Games;502
Chauvet;Cooking;500
Lefevre;Furniture;401
Meunier;Cooking;390
Becker;Tools;384
Pinto;UNKNOWN;380
Salmon;Cooking;378
Allain;Games;377
Charles;Games;373
Jacquot;Computing;372
Alexandre;UNKNOWN;367
Reynaud;Tools;366
Labbe;Computing;366
Mathieu;UNKNOWN;362
Fabre;Tools;359
Durand;Tools;356
Perret;Furniture;355
Lebrun;UNKNOWN;354
Turpin;UNKNOWN;353
Hubert;Cooking;351
Verdier;Computing;348
Pascal;Cooking;348
Marchal;UNKNOWN;347
Dumont;UNKNOWN;347
Joubert;Computing;346
Besson;UNKNOWN;346
Le Gall;Cooking;345
Leveque;Tools;343
Perret;Games;343
Simon;Cooking;341
Dupont;Cooking;341
Pons;Cooking;340
Robert;Furniture;340
Vaillant;UNKNOWN;338
Reynaud;Games;338
Guillon;Tools;336
Dupre;Furniture;334
Gros;Cooking;334
Blin;UNKNOWN;333
Besnard;Tools;333
Da Costa;Games;333
Loiseau;UNKNOWN;332
Raynaud;UNKNOWN;331
Boulanger;Cooking;331
Guichard;Cooking;331
Chartier;Cooking;331
Roche;Computing;330
Marin;Furniture;330
Samson;Computing;330
Martins;Games;330
Tessier;Computing;329
Andre;Computing;328
Cordier;Tools;328
Courtois;Games;328
Lucas;Cooking;328
Deschamps;Computing;327
Normand;Games;327
Louis;Computing;327
Leconte;Tools;326
Lejeune;Games;326
Brun;UNKNOWN;325
Menard;Cooking;324
Legendre;Computing;324
Cordier;UNKNOWN;323
Maillet;Computing;323
Carpentier;Furniture;323
Martel;Furniture;323
Gerard;Furniture;323
Perrot;Computing;321
Guilbert;Cooking;321
Picard;Tools;321
Garcia;Games;321
Pinto;Cooking;319
Briand;Cooking;319
Marques;Computing;318
Georges;Cooking;318
Moreau;Tools;317
Boulay;Furniture;317
Blanchet;Furniture;316
Lesage;Computing;315
Parent;UNKNOWN;315
Morvan;Computing;314
Perez;Furniture;313
Delorme;Furniture;313
Munoz;UNKNOWN;313
Peltier;Cooking;313
Baudry;Cooking;312
Ferreira;Cooking;312
Levy;Furniture;310
Lacroix;Furniture;310
Masse;Games;310
Dupuy;Cooking;310
Lebrun;Tools;308
Lebrun;Computing;307
Guillot;Computing;307
Mace;UNKNOWN;307
Marechal;Games;307
Delaunay;Games;307
Peron;Cooking;307
Alexandre;Games;307
Guillet;Cooking;307
Chevalier;Games;306
Leleu;Computing;306
Laroche;UNKNOWN;303
Marques;Games;303
Collin;Tools;302
Gomes;UNKNOWN;302
Da Silva;Furniture;301
Dupuis;Furniture;301
Becker;Computing;300
Garnier;Computing;300
Blanc;Cooking;300
Rousseau;Computing;298
Marion;UNKNOWN;297
Descamps;UNKNOWN;297
Delahaye;Tools;297
Nguyen;Games;297
Robin;Furniture;296
Berger;UNKNOWN;296
Gimenez;Cooking;295
Rey;Furniture;294
Lombard;Tools;293
Gosselin;Computing;293
Lamy;Computing;293
Navarro;Tools;292
Alves;Cooking;292
Pelletier;Furniture;291
Pinto;Tools;291
Hebert;Tools;291
Adam;Tools;290
Dupont;Computing;288
Diallo;Cooking;288
Bonnet;Computing;288
Mendes;Furniture;287
Guillot;Cooking;285
Lemaire;Computing;285
Dos Santos;Furniture;285
Couturier;Cooking;284
Teixeira;UNKNOWN;284
Andre;Furniture;284
Buisson;UNKNOWN;283
Valentin;UNKNOWN;283
Marion;Cooking;283
Albert;UNKNOWN;283
Mary;Furniture;281
David;Cooking;281
Bazin;Tools;280
Bernard;Games;277
Duval;Games;276
Marchal;Games;275
Marques;UNKNOWN;275
Poirier;Computing;273
Foucher;UNKNOWN;273
Jean;Furniture;271
Jean;UNKNOWN;265
Gonzalez;Tools;264
Hubert;Tools;260
Maurice;Games;259
Gay;Furniture;259
Laporte;UNKNOWN;258
Pelletier;Games;256
Guillaume;Games;256
Gimenez;Computing;254
Muller;Games;251
Pelletier;Tools;249
Merle;Tools;246
Guillou;Furniture;238
Rousset;Cooking;233
Lenoir;Cooking;231
Martineau;Tools;227
Meyer;Cooking;225
